{
  "SPY": {
    "ticker": "SPY",
    "results": {
      "XGBoost": {
        "r2": 0.6482475898869715,
        "mae": 1.216511143505183,
        "rmse": 1.6461855004202408,
        "train_time": 0.3108713626861572
      },
      "LightGBM": {
        "r2": 0.6574177602152211,
        "mae": 1.2152663581546046,
        "rmse": 1.6245858020632085,
        "train_time": 0.10836172103881836
      },
      "RandomForest": {
        "r2": 0.6275007338024301,
        "mae": 1.2458165704270587,
        "rmse": 1.6940371963171976,
        "train_time": 0.31943821907043457
      },
      "NeuralNetwork": {
        "r2": 0.6844835217926164,
        "mae": 1.1791526488273794,
        "rmse": 1.5590902443918657,
        "train_time": 0.24583959579467773
      },
      "GradientBoosting": {
        "r2": 0.6215888163430188,
        "mae": 1.2783866783146074,
        "rmse": 1.7074272675149367,
        "train_time": 2.7938787937164307
      }
    },
    "best_model": "NeuralNetwork",
    "best_r2": 0.6844835217926164
  },
  "GLD": {
    "ticker": "GLD",
    "results": {
      "XGBoost": {
        "r2": 0.7901487879411404,
        "mae": 1.5130396819104321,
        "rmse": 2.025907758773366,
        "train_time": 0.2530066967010498
      },
      "LightGBM": {
        "r2": 0.7962678605875527,
        "mae": 1.4975647393971754,
        "rmse": 1.9961524200579497,
        "train_time": 0.05736517906188965
      },
      "RandomForest": {
        "r2": 0.8064287979856423,
        "mae": 1.3826427092731988,
        "rmse": 1.9457377288168944,
        "train_time": 0.2875556945800781
      },
      "NeuralNetwork": {
        "r2": 0.840668869652376,
        "mae": 1.3422166552035313,
        "rmse": 1.765282619590245,
        "train_time": 0.560795783996582
      },
      "GradientBoosting": {
        "r2": 0.8027955887127477,
        "mae": 1.4403009642474298,
        "rmse": 1.9639129752889501,
        "train_time": 2.2728898525238037
      }
    },
    "best_model": "NeuralNetwork",
    "best_r2": 0.840668869652376
  },
  "TLT": {
    "ticker": "TLT",
    "results": {
      "XGBoost": {
        "r2": 0.6630736939578354,
        "mae": 1.7940180425229262,
        "rmse": 2.4527977223711264,
        "train_time": 0.14014315605163574
      },
      "LightGBM": {
        "r2": 0.6947395904651694,
        "mae": 1.7449421049655458,
        "rmse": 2.334691570298587,
        "train_time": 0.052135467529296875
      },
      "RandomForest": {
        "r2": 0.5708408947030604,
        "mae": 1.9039488953495693,
        "rmse": 2.7682380867149807,
        "train_time": 0.2885420322418213
      },
      "NeuralNetwork": {
        "r2": 0.7585405878647002,
        "mae": 1.5990036438871456,
        "rmse": 2.076425451038156,
        "train_time": 0.9134595394134521
      },
      "GradientBoosting": {
        "r2": 0.6357978266361742,
        "mae": 1.7912499862304303,
        "rmse": 2.5501489084522606,
        "train_time": 2.260042667388916
      }
    },
    "best_model": "NeuralNetwork",
    "best_r2": 0.7585405878647002
  },
  "EFA": {
    "ticker": "EFA",
    "results": {
      "XGBoost": {
        "r2": 0.7423240355184458,
        "mae": 1.2225848543483506,
        "rmse": 1.60586860590405,
        "train_time": 0.16034889221191406
      },
      "LightGBM": {
        "r2": 0.6921663331506778,
        "mae": 1.3366137268523335,
        "rmse": 1.7552181881224265,
        "train_time": 0.051868438720703125
      },
      "RandomForest": {
        "r2": 0.708666470900299,
        "mae": 1.2730639209107366,
        "rmse": 1.7075297837050485,
        "train_time": 0.3284263610839844
      },
      "NeuralNetwork": {
        "r2": 0.6964858964384228,
        "mae": 1.366789758477875,
        "rmse": 1.7428599533818896,
        "train_time": 0.37389278411865234
      },
      "GradientBoosting": {
        "r2": 0.7384667378277993,
        "mae": 1.2438165498180636,
        "rmse": 1.6178435365741994,
        "train_time": 2.239506244659424
      }
    },
    "best_model": "XGBoost",
    "best_r2": 0.7423240355184458
  },
  "EEM": {
    "ticker": "EEM",
    "results": {
      "XGBoost": {
        "r2": 0.5537031654562724,
        "mae": 1.7483301540814393,
        "rmse": 2.2932071270784786,
        "train_time": 0.18235182762145996
      },
      "LightGBM": {
        "r2": 0.5174732406730114,
        "mae": 1.844265793121444,
        "rmse": 2.384471198346841,
        "train_time": 0.04906487464904785
      },
      "RandomForest": {
        "r2": 0.32544316868548273,
        "mae": 2.1124749778316705,
        "rmse": 2.8192958495204468,
        "train_time": 0.3037841320037842
      },
      "NeuralNetwork": {
        "r2": 0.5541624667688705,
        "mae": 1.7704071110910156,
        "rmse": 2.2920268093028313,
        "train_time": 0.513883113861084
      },
      "GradientBoosting": {
        "r2": 0.5193411849925488,
        "mae": 1.8425935958831245,
        "rmse": 2.379851373315627,
        "train_time": 2.2545225620269775
      }
    },
    "best_model": "NeuralNetwork",
    "best_r2": 0.5541624667688705
  }
}