{
  "SPY": {
    "ticker": "SPY",
    "baseline_r2": 0.7167639071768451,
    "results": {
      "Simple_Avg": {
        "r2": 0.7035253881059258,
        "mae": 1.1342015672794328
      },
      "Weighted_Avg": {
        "r2": 0.7135847272836094,
        "mae": 1.1181528082885777
      },
      "Stacking": {
        "r2": 0.66365009553496,
        "mae": 1.2095553369202812
      },
      "Voting": {
        "r2": 0.6972872214692237,
        "mae": 1.1543020916884663
      },
      "Optimized": {
        "r2": 0.7261285382718963,
        "mae": 1.0975956762199282,
        "weights": [
          0.6,
          0.1,
          0.1,
          0.2,
          2.7755575615628914e-17
        ]
      },
      "Selective": {
        "r2": 0.7243238530300086,
        "mae": 1.1001090793034347,
        "best_model": "ElasticNet"
      }
    },
    "best_strategy": "Optimized",
    "best_r2": 0.7261285382718963
  },
  "GLD": {
    "ticker": "GLD",
    "baseline_r2": 0.8729022448093068,
    "results": {
      "Simple_Avg": {
        "r2": 0.8502545366994949,
        "mae": 1.257823007296025
      },
      "Weighted_Avg": {
        "r2": 0.8598158936890484,
        "mae": 1.21592803856772
      },
      "Stacking": {
        "r2": 0.8696335950619998,
        "mae": 1.158672614853469
      },
      "Voting": {
        "r2": 0.8543408362152022,
        "mae": 1.2468550953408999
      },
      "Optimized": {
        "r2": 0.8735971484276293,
        "mae": 1.1473871121877641,
        "weights": [
          0.6,
          0.1,
          0.1,
          0.2,
          2.7755575615628914e-17
        ]
      },
      "Selective": {
        "r2": 0.8720308346855115,
        "mae": 1.1578300367790821,
        "best_model": "ElasticNet"
      }
    },
    "best_strategy": "Optimized",
    "best_r2": 0.8735971484276293
  },
  "TLT": {
    "ticker": "TLT",
    "baseline_r2": 0.8366850824175749,
    "results": {
      "Simple_Avg": {
        "r2": 0.7716235210305457,
        "mae": 1.5268814717118633
      },
      "Weighted_Avg": {
        "r2": 0.7661153394783329,
        "mae": 1.5402972474446486
      },
      "Stacking": {
        "r2": 0.8198101581322961,
        "mae": 1.3596362239373212
      },
      "Voting": {
        "r2": 0.7958291155681246,
        "mae": 1.4548383464969903
      },
      "Optimized": {
        "r2": 0.7883082191126722,
        "mae": 1.4739483509516131,
        "weights": [
          0.3,
          0.2,
          0.1,
          0.2,
          0.1999999999999999
        ]
      },
      "Selective": {
        "r2": 0.8278689604264363,
        "mae": 1.3308856314135333,
        "best_model": "ElasticNet"
      }
    },
    "best_strategy": "Selective",
    "best_r2": 0.8278689604264363
  },
  "EFA": {
    "ticker": "EFA",
    "baseline_r2": 0.7417411803354956,
    "results": {
      "Simple_Avg": {
        "r2": 0.7571785961290384,
        "mae": 1.1906972638932578
      },
      "Weighted_Avg": {
        "r2": 0.7587679129454055,
        "mae": 1.195614123441099
      },
      "Stacking": {
        "r2": 0.7382491835772731,
        "mae": 1.3002253940377173
      },
      "Voting": {
        "r2": 0.7540590874879254,
        "mae": 1.212979811757679
      },
      "Optimized": {
        "r2": 0.7599781671064325,
        "mae": 1.2238717990031276,
        "weights": [
          0.6,
          0.1,
          0.1,
          0.2,
          2.7755575615628914e-17
        ]
      },
      "Selective": {
        "r2": 0.7552277060664944,
        "mae": 1.24277103784128,
        "best_model": "ElasticNet"
      }
    },
    "best_strategy": "Optimized",
    "best_r2": 0.7599781671064325
  },
  "EEM": {
    "ticker": "EEM",
    "baseline_r2": 0.6941408988672066,
    "results": {
      "Simple_Avg": {
        "r2": 0.6277413146949129,
        "mae": 1.6129185111891784
      },
      "Weighted_Avg": {
        "r2": 0.6541008293113316,
        "mae": 1.55634226727655
      },
      "Stacking": {
        "r2": 0.6856067661585308,
        "mae": 1.488771690985447
      },
      "Voting": {
        "r2": 0.671684321444704,
        "mae": 1.5280972404817257
      },
      "Optimized": {
        "r2": 0.6922933489882197,
        "mae": 1.479529445299587,
        "weights": [
          0.6,
          0.1,
          0.1,
          0.2,
          2.7755575615628914e-17
        ]
      },
      "Selective": {
        "r2": 0.6998186568634591,
        "mae": 1.468770201318206,
        "best_model": "ElasticNet"
      }
    },
    "best_strategy": "Selective",
    "best_r2": 0.6998186568634591
  }
}