{
  "SPY": {
    "ticker": "SPY",
    "baseline": {
      "r2": 0.6944124562846024,
      "mae": 1.1383604180309825
    },
    "regime_adaptive": {
      "r2": 0.7412051553098882,
      "mae": 1.0673599540357557
    },
    "improvement": {
      "r2_delta": 0.04679269902528582,
      "r2_pct": 6.738459052944745,
      "mae_delta": -0.07100046399522686
    }
  },
  "GLD": {
    "ticker": "GLD",
    "baseline": {
      "r2": 0.8503758357551239,
      "mae": 1.2622245971281334
    },
    "regime_adaptive": {
      "r2": 0.8456887548007292,
      "mae": 1.2950012527111179
    },
    "improvement": {
      "r2_delta": -0.004687080954394629,
      "r2_pct": -0.5511775802322205,
      "mae_delta": 0.03277665558298448
    }
  },
  "TLT": {
    "ticker": "TLT",
    "baseline": {
      "r2": 0.789630016811175,
      "mae": 1.5294102808467034
    },
    "regime_adaptive": {
      "r2": 0.7951896225966791,
      "mae": 1.4181509773554581
    },
    "improvement": {
      "r2_delta": 0.005559605785504185,
      "r2_pct": 0.7040773105303044,
      "mae_delta": -0.11125930349124524
    }
  },
  "EFA": {
    "ticker": "EFA",
    "baseline": {
      "r2": 0.723219826174474,
      "mae": 1.262960014621247
    },
    "regime_adaptive": {
      "r2": 0.7368708699671735,
      "mae": 1.2210009782018516
    },
    "improvement": {
      "r2_delta": 0.013651043792699546,
      "r2_pct": 1.8875372740965624,
      "mae_delta": -0.04195903641939536
    }
  },
  "EEM": {
    "ticker": "EEM",
    "baseline": {
      "r2": 0.6443814292425698,
      "mae": 1.6331038315480135
    },
    "regime_adaptive": {
      "r2": 0.6609505855225664,
      "mae": 1.5917611216175211
    },
    "improvement": {
      "r2_delta": 0.016569156279996555,
      "r2_pct": 2.571327404557966,
      "mae_delta": -0.04134270993049238
    }
  }
}