{
  "experiment": "Exp7_TimeSeries_Models",
  "packages": {
    "arima": true,
    "garch": true,
    "pytorch": true
  },
  "results": {
    "SPY": {
      "elasticnet": 0.7150054344196993,
      "arima": -0.016133045594405537,
      "garch": -0.7214742530017995,
      "lstm": -0.03832707242592548,
      "gru": 0.06605361661393483
    },
    "GLD": {
      "elasticnet": 0.8590746531888847,
      "arima": -2.2786378694928096,
      "garch": -0.11411955949095476,
      "lstm": -0.2674366121626748,
      "gru": -0.07314845437226247
    },
    "TLT": {
      "elasticnet": 0.7836168823651163,
      "arima": -0.0913433699150159,
      "garch": -0.040623180019734084,
      "lstm": -0.8780151407017254,
      "gru": -0.2120818551721737
    },
    "EFA": {
      "elasticnet": 0.7356238854892386,
      "arima": -0.10299111501945957,
      "garch": -0.3527797659657852,
      "lstm": 0.08085616638776516,
      "gru": 0.22821918094099136
    },
    "EEM": {
      "elasticnet": 0.6546401810747622,
      "arima": -0.2365174758694648,
      "garch": -0.015125973649841695,
      "lstm": -0.31990055417481367,
      "gru": -0.05630201877899821
    }
  },
  "summary": {
    "elasticnet": {
      "avg_r2": 0.7495922073075402,
      "n_assets": 5
    },
    "arima": {
      "avg_r2": -0.545124575178231,
      "n_assets": 5
    },
    "garch": {
      "avg_r2": -0.24882454642562304,
      "n_assets": 5
    },
    "lstm": {
      "avg_r2": -0.2845646426154748,
      "n_assets": 5
    },
    "gru": {
      "avg_r2": -0.00945190615370164,
      "n_assets": 5
    }
  }
}