{
  "exp": "Exp9_Optuna_AdaBoost",
  "results": {
    "SPY": {
      "huber_base": 0.7081124357511918,
      "adaboost": -0.7554102831868332,
      "huber_optuna": 0.711570599829968,
      "svr_optuna": 0.7179734066847265
    },
    "GLD": {
      "huber_base": 0.8434560931428724,
      "adaboost": 0.7235988064128924,
      "huber_optuna": 0.8424681783165706,
      "svr_optuna": 0.8429550304582769
    },
    "TLT": {
      "huber_base": 0.798164689410312,
      "adaboost": 0.34667115401566306,
      "huber_optuna": 0.8014231565268563,
      "svr_optuna": 0.8001281965060878
    },
    "EFA": {
      "huber_base": 0.7507164266294646,
      "adaboost": 0.18169927940667496,
      "huber_optuna": 0.754554813800477,
      "svr_optuna": 0.7547983029114739
    },
    "EEM": {
      "huber_base": 0.6936799138682228,
      "adaboost": -0.6105134154086831,
      "huber_optuna": 0.704425070946046,
      "svr_optuna": 0.7063165527461766
    }
  }
}