{
  "experiment": "C1_MultiTask_Learning",
  "baseline": {
    "SPY": 0.7140210061798082,
    "GLD": 0.8589550730988204,
    "TLT": 0.7841117773974169,
    "EFA": 0.7353417624132497,
    "EEM": 0.6530340499770048
  },
  "multitask_ridge": {
    "SPY": 0.7276171735955608,
    "GLD": 0.8482141308039219,
    "TLT": 0.797042661396975,
    "EFA": 0.7220790177038583,
    "EEM": 0.6861998328001815,
    "avg": 0.7562305632600995
  },
  "multitask_mlp": {
    "SPY": 0.7081885928063198,
    "GLD": 0.8454611466749475,
    "TLT": 0.7822402269880044,
    "EFA": 0.7343841022784906,
    "EEM": 0.6074616345922264,
    "avg": 0.7355471406679976
  },
  "summary": {
    "avg_baseline": 0.74909273381326,
    "avg_ridge": 0.7562305632600995,
    "avg_mlp": 0.7355471406679976,
    "ridge_improvement": 0.9528632604009306,
    "mlp_improvement": -1.8082665248010716
  }
}