{
  "experiment": "Exp6_Additional_Models",
  "results": {
    "SPY": {
      "elasticnet": 0.7115678857591616,
      "bayesian_ridge": 0.7003235831761275,
      "huber": 0.7483920647868895,
      "kernel_ridge": 0.6298375109684206,
      "svr_rbf": 0.6267042288549742,
      "svr_linear": 0.7464870482870748,
      "knn_10": 0.5292315798458569,
      "knn_20": 0.5751072756515598,
      "mlp_32": 0.7170537758818084,
      "mlp_64_32": 0.7067722803801315,
      "mlp_128_64_32": 0.7011288457895345,
      "optimized_ensemble": 0.7423976617543501,
      "ensemble_weights": "(0.2, 0.1, 0.7)"
    },
    "GLD": {
      "elasticnet": 0.8742774132412738,
      "bayesian_ridge": 0.8733238014954581,
      "huber": 0.8677668368753483,
      "kernel_ridge": 0.823146083592827,
      "svr_rbf": 0.8075843488129049,
      "svr_linear": 0.8666720790686573,
      "knn_10": 0.7931792694939241,
      "knn_20": 0.8007359469851574,
      "mlp_32": 0.8668407849186579,
      "mlp_64_32": 0.8637502809790671,
      "mlp_128_64_32": 0.8620187452978691,
      "optimized_ensemble": 0.8737756880366099,
      "ensemble_weights": "(0.8, 0.1, 0.1)"
    },
    "TLT": {
      "elasticnet": 0.8255033163735143,
      "bayesian_ridge": 0.8241681481895506,
      "huber": 0.8265292777185933,
      "kernel_ridge": 0.7374706540257432,
      "svr_rbf": 0.6908116590539801,
      "svr_linear": 0.826188552400734,
      "knn_10": 0.7536316818851381,
      "knn_20": 0.752874602621938,
      "mlp_32": 0.810870415746682,
      "mlp_64_32": 0.8057636433112013,
      "mlp_128_64_32": 0.8080439230484306,
      "optimized_ensemble": 0.8285847160366294,
      "ensemble_weights": "(0.4, 0.1, 0.5)"
    },
    "EFA": {
      "elasticnet": 0.7563136761131471,
      "bayesian_ridge": 0.7531937608081093,
      "huber": 0.7727677171398097,
      "kernel_ridge": 0.65615400385172,
      "svr_rbf": 0.663508669316945,
      "svr_linear": 0.7758751756804897,
      "knn_10": 0.6960805029038348,
      "knn_20": 0.6908817261376778,
      "mlp_32": 0.7575705177561411,
      "mlp_64_32": 0.7265862696045794,
      "mlp_128_64_32": 0.7437348818596341,
      "optimized_ensemble": 0.7712055836303289,
      "ensemble_weights": "(0.2, 0.1, 0.7)"
    },
    "EEM": {
      "elasticnet": 0.6707954129072944,
      "bayesian_ridge": 0.6684573394874584,
      "huber": 0.7095298292534169,
      "kernel_ridge": 0.5907415588674481,
      "svr_rbf": 0.5886714507193481,
      "svr_linear": 0.710419232010483,
      "knn_10": 0.4552461967259688,
      "knn_20": 0.5063544435495133,
      "mlp_32": 0.6614448523302692,
      "mlp_64_32": 0.6324558501598194,
      "mlp_128_64_32": 0.6116618986354752,
      "optimized_ensemble": 0.7039701246156602,
      "ensemble_weights": "(0.2, 0.1, 0.7)"
    }
  },
  "summary": {
    "model_averages": {
      "elasticnet": 0.7676915408788784,
      "bayesian_ridge": 0.7638933266313408,
      "huber": 0.7849971451548116,
      "kernel_ridge": 0.6874699622612317,
      "svr_rbf": 0.6754560713516304,
      "svr_linear": 0.7851284174894877,
      "knn_10": 0.6454738461709446,
      "knn_20": 0.6651907989891693,
      "mlp_32": 0.7627560693267117,
      "mlp_64_32": 0.7470656648869598,
      "mlp_128_64_32": 0.7453176589261887,
      "optimized_ensemble": 0.7839867548147156
    },
    "best_model": "svr_linear",
    "best_avg_r2": 0.7851284174894877
  }
}