{
  "experiment": "Comprehensive_22Day_Universal_Model",
  "horizon": "22 days",
  "n_features": 55,
  "n_models": 15,
  "features": [
    "RV_1d",
    "RV_5d",
    "RV_10d",
    "RV_22d",
    "RV_44d",
    "RV_66d",
    "VIX",
    "VIX_lag1",
    "VIX_lag5",
    "VIX_lag10",
    "VIX_lag22",
    "VIX_lag44",
    "VIX_change_1d",
    "VIX_change_5d",
    "VIX_change_22d",
    "VIX_ma5",
    "VIX_ma22",
    "VIX_ma44",
    "VIX_ma66",
    "VIX_std22",
    "VIX_zscore",
    "CAVB",
    "CAVB_lag1",
    "CAVB_lag5",
    "CAVB_lag10",
    "CAVB_lag22",
    "CAVB_lag44",
    "CAVB_ma5",
    "CAVB_ma22",
    "CAVB_ma44",
    "CAVB_ma66",
    "CAVB_std22",
    "CAVB_zscore",
    "RV_ratio_5_22",
    "RV_ratio_22_44",
    "RV_ratio_22_66",
    "RV_momentum_5",
    "RV_momentum_22",
    "RV_ma22",
    "RV_ma44",
    "RV_std22",
    "RV_high_44",
    "RV_low_44",
    "VRP_persistent",
    "VRP_transitory",
    "VRP_ratio",
    "VRP_momentum",
    "VIX_RV_ratio",
    "VIX_RV_product",
    "CAVB_VIX_ratio",
    "RV_trend",
    "VIX_trend",
    "US10Y",
    "US10Y_change",
    "VIX_yield_ratio"
  ],
  "results": {
    "SPY": {
      "n_features": 55.0,
      "huber": -0.6721481240429665,
      "ridge": -1.2121226644587892,
      "lasso": -0.7341331122233272,
      "elasticnet": -0.6581185282662503,
      "bayesian_ridge": -1.2072050286545095,
      "svr_linear": -0.7833559749405703,
      "svr_rbf": -0.1466907967260922,
      "random_forest": -0.9749000408031105,
      "gradient_boosting": -0.8574194630637313,
      "extra_trees": -0.6973828988898632,
      "knn": -1.1611367114823157,
      "mlp": -1.5485457854254756,
      "huber_optuna": -0.951979475511942,
      "huber_optuna_params": {
        "epsilon": 1.0184037277056406,
        "alpha": 0.09375753887428395
      },
      "voting_ensemble": -0.8164550799056614,
      "stacking_ensemble": -0.17604734213740003,
      "best_model": "svr_rbf",
      "best_r2": -0.1466907967260922
    },
    "GLD": {
      "n_features": 55.0,
      "huber": 0.446581943888674,
      "ridge": 0.37396754191867865,
      "lasso": 0.5701604134987788,
      "elasticnet": 0.5708977310876191,
      "bayesian_ridge": 0.3759657148796599,
      "svr_linear": 0.4676249403658973,
      "svr_rbf": 0.5988553888280576,
      "random_forest": 0.5875968268094678,
      "gradient_boosting": 0.5301350666892737,
      "extra_trees": 0.5965167859218523,
      "knn": 0.4850904514756902,
      "mlp": 0.39094553182880987,
      "huber_optuna": 0.42795392615843075,
      "huber_optuna_params": {
        "epsilon": 2.5719753475919864,
        "alpha": 4.871596044146276e-06
      },
      "voting_ensemble": 0.4376402490343684,
      "stacking_ensemble": 0.5352696357072427,
      "best_model": "svr_rbf",
      "best_r2": 0.5988553888280576
    },
    "TLT": {
      "n_features": 55.0,
      "huber": 0.038009233067557546,
      "ridge": 0.10719930165435132,
      "lasso": 0.20662938702276135,
      "elasticnet": 0.16374112755150594,
      "bayesian_ridge": 0.09781049197900271,
      "svr_linear": -0.04380453448289923,
      "svr_rbf": 0.15909974546564942,
      "random_forest": 0.23831572888814567,
      "gradient_boosting": 0.23622566353452723,
      "extra_trees": 0.3911910619772856,
      "knn": 0.2338601725194822,
      "mlp": 0.10396431873114809,
      "huber_optuna": 0.13421832767101705,
      "huber_optuna_params": {
        "epsilon": 2.8519389126878556,
        "alpha": 1.9328517944514125
      },
      "voting_ensemble": 0.06517712725239466,
      "stacking_ensemble": 0.257762761512937,
      "best_model": "extra_trees",
      "best_r2": 0.3911910619772856
    },
    "EFA": {
      "n_features": 55.0,
      "huber": -0.2485422780653268,
      "ridge": -0.9719835620516646,
      "lasso": -0.23443869567832332,
      "elasticnet": -0.24111700359038957,
      "bayesian_ridge": -0.9265685903021754,
      "svr_linear": -0.2319512587019974,
      "svr_rbf": 0.05906233199450617,
      "random_forest": -0.20711525441295797,
      "gradient_boosting": -1.1262599537502895,
      "extra_trees": -0.20311215279707562,
      "knn": -0.5522961718719734,
      "mlp": -2.31161245245158,
      "huber_optuna": -0.18113147007119235,
      "huber_optuna_params": {
        "epsilon": 1.4168483332374806,
        "alpha": 8.625922977532587
      },
      "voting_ensemble": -0.3750432879098906,
      "stacking_ensemble": -0.3527437159564335,
      "best_model": "svr_rbf",
      "best_r2": 0.05906233199450617
    },
    "EEM": {
      "n_features": 55.0,
      "huber": -0.28341684489232377,
      "ridge": -0.3012654709489979,
      "lasso": -0.04937707866410812,
      "elasticnet": -0.0591769330682268,
      "bayesian_ridge": -0.2713842835455711,
      "svr_linear": -0.3013101047414939,
      "svr_rbf": -0.088199208341603,
      "random_forest": -0.9932867854403957,
      "gradient_boosting": -0.5590138926300179,
      "extra_trees": -0.2671957889807939,
      "knn": -0.7200023161634452,
      "mlp": -2.4095215048959964,
      "huber_optuna": -0.2539030326242695,
      "huber_optuna_params": {
        "epsilon": 1.0037604582664135,
        "alpha": 9.544630144379804
      },
      "voting_ensemble": -0.2546941055347518,
      "stacking_ensemble": -1.3864360357702221,
      "best_model": "lasso",
      "best_r2": -0.04937707866410812
    }
  },
  "summary": {
    "best_model": "svr_rbf",
    "best_avg_r2": 0.11642549224410359,
    "model_ranking": {
      "svr_rbf": 0.11642549224410359,
      "extra_trees": -0.03599659855371895,
      "elasticnet": -0.04475472125714832,
      "lasso": -0.04823181720884371,
      "huber": -0.14390321400887712,
      "huber_optuna": -0.1649683448755912,
      "svr_linear": -0.1785593865002127,
      "voting_ensemble": -0.18867501941270814,
      "stacking_ensemble": -0.22443893932877518,
      "random_forest": -0.26987790499177017,
      "knn": -0.34289691510451237,
      "gradient_boosting": -0.35526651584404756,
      "bayesian_ridge": -0.38627633912871867,
      "ridge": -0.4008409707772843,
      "mlp": -1.1549539784426188
    }
  }
}