{
  "experiment": "Horizon_5d_vs_22d",
  "results": {
    "SPY": {
      "5d_r2": 0.753575364660513,
      "22d_r2": 0.19862717837955857,
      "decay": -73.64202869489498
    },
    "GLD": {
      "5d_r2": 0.8490893679617917,
      "22d_r2": 0.3222001074936185,
      "decay": -62.053451656443634
    },
    "TLT": {
      "5d_r2": 0.8073168104266071,
      "22d_r2": 0.21386388297000425,
      "decay": -73.50929892603214
    },
    "EFA": {
      "5d_r2": 0.7528318711026121,
      "22d_r2": 0.4175688685877045,
      "decay": -44.53358251476189
    },
    "EEM": {
      "5d_r2": 0.712869556830031,
      "22d_r2": 0.19462739760387981,
      "decay": -72.69803490145608
    }
  },
  "summary": {
    "avg_5d": 0.7751365941963109,
    "avg_22d": 0.26937748700695313,
    "decay_pct": -65.24773968564168
  }
}