{
  "model_type": "UniversalVRPModel",
  "created": "2026-01-21T11:06:43.001006",
  "5d": {
    "model": "SVR_Linear",
    "results": {
      "SPY": 0.6340559629928781,
      "GLD": 0.8634661079923587,
      "TLT": 0.7319223430236427,
      "EFA": 0.686044066790467,
      "EEM": 0.5791339386309899
    },
    "avg_r2": 0.6989244838860673
  },
  "22d": {
    "model": "RandomForest",
    "results": {
      "SPY": -0.3580668454111622,
      "GLD": 0.641502256768343,
      "TLT": -0.6259913690102277,
      "EFA": -0.6768338491420796,
      "EEM": -0.9850463447202789
    },
    "avg_r2": -0.40088723030308104
  }
}